,Reward,Actor Loss,Critic Loss,Training Time
0,98813.4,-2.502425193786621,1.2571077346801758,991.9499106407166
1,75314.09999999999,-2.085862636566162,1.1825337409973145,
2,76085.59999999999,-1.8643584251403809,1.1225467920303345,
3,108903.40000000001,-1.7309660911560059,1.1049693822860718,
4,102398.79999999999,-1.6739468574523926,1.0933632850646973,
5,102746.6,-1.652523159980774,1.0883774757385254,
6,103631.20000000001,-1.6323069334030151,1.086892008781433,
7,100113.09999999999,-1.6335221529006958,1.0864711999893188,
8,84213.60000000002,-1.6167207956314087,1.083747148513794,
9,94150.7,-1.5940334796905518,1.0816019773483276,
10,96461.69999999997,-1.5955407619476318,1.0805244445800781,
11,110237.1,-1.592259168624878,1.0807300806045532,
12,72121.9,-1.5986080169677734,1.0840073823928833,
13,82182.3,-1.5661901235580444,1.074035406112671,
14,116847.3,-1.574249505996704,1.0780686140060425,
15,78209.29999999999,-1.5654805898666382,1.076583981513977,
16,87718.2,-1.555967926979065,1.073326587677002,
17,80279.59999999999,-1.5310320854187012,1.076887607574463,
18,83581.3,-1.5350539684295654,1.067543387413025,
19,82637.90000000002,-1.4863744974136353,1.0732274055480957,
20,87498.20000000001,-1.4737358093261719,1.0650135278701782,
21,113195.29999999999,-1.4195672273635864,1.0609225034713745,
22,98140.29999999997,-1.34678316116333,1.0539358854293823,
23,107883.3,-1.2306228876113892,1.0385115146636963,
24,103675.70000000001,-1.0637749433517456,1.0253214836120605,
25,87764.59999999999,-0.9035700559616089,1.0115898847579956,
26,100343.90000000001,-0.8368043303489685,1.0078849792480469,
27,94722.2,-0.7914304733276367,1.013452410697937,
28,95271.3,-0.736915111541748,0.9956759214401245,
29,94387.30000000002,-0.7068222165107727,1.0059680938720703,
30,91549.7,-0.7081440091133118,0.9947523474693298,
31,91584.4,-0.6876954436302185,0.992841899394989,
32,90641.70000000001,-0.6576517224311829,0.9922473430633545,
33,78017.7,-0.6458247303962708,0.9869688153266907,
34,89080.8,-0.6269787549972534,0.9745603799819946,
35,94627.8,-0.6368444561958313,0.9728143215179443,
36,109513.40000000002,-0.6254510879516602,0.963426411151886,
37,82170.4,-0.5718101859092712,0.9498494267463684,
38,85211.2,-0.5965708494186401,0.952718198299408,
39,76033.99999999999,-0.5815629959106445,0.8729678392410278,
40,87192.2,-0.4425216615200043,0.8277496099472046,
41,110257.00000000001,-0.2657833695411682,0.765439510345459,
42,96359.50000000001,-0.5368760228157043,0.7267603874206543,
43,78271.40000000001,-0.2577711343765259,0.6661099195480347,
44,83499.29999999999,-0.5431275963783264,0.6285221576690674,
45,103935.09999999999,-0.6031581163406372,0.7446757555007935,
46,71613.69999999998,-0.19089747965335846,0.6665669083595276,
47,73569.8,-0.6458752155303955,0.6983111500740051,
48,119113.10000000002,-0.25838834047317505,0.6591629385948181,
49,84314.40000000001,-0.3383162319660187,0.6800130605697632,
50,98473.50000000001,-0.5938130021095276,0.670093834400177,
51,76702.5,-0.48647308349609375,0.6765406131744385,
52,104776.80000000002,-0.6570667028427124,0.682551383972168,
53,108022.99999999999,-0.42212390899658203,0.7141714096069336,
54,77589.2,-0.4127546548843384,0.6386304497718811,
55,103467.9,-0.39600223302841187,0.701079249382019,
56,93308.79999999999,-0.1985573023557663,0.6296700835227966,
57,67779.2,-0.13844536244869232,0.6454454660415649,
58,92169.69999999997,-0.35173720121383667,0.649856448173523,
59,78664.59999999999,-0.42128217220306396,0.6140771508216858,
60,111896.50000000001,-0.3431498408317566,0.6447311043739319,
61,81946.40000000002,-0.47746869921684265,0.5929505228996277,
62,101528.7,0.11189752072095871,0.644467294216156,
63,104031.1,-0.256704181432724,0.5824925899505615,
64,76672.00000000001,-0.0796692818403244,0.6529045104980469,
65,76857.8,-0.2558206021785736,0.6329451203346252,
66,86799.90000000001,-0.2676161825656891,0.6283037662506104,
67,96014.2,-0.08795668184757233,0.6553482413291931,
68,89472.5,-0.3582212030887604,0.6533206701278687,
69,63590.700000000004,-0.12519827485084534,0.6295419335365295,
70,80434.09999999999,-0.025430716574192047,0.6268393397331238,
71,92120.69999999998,-0.6310146450996399,0.618683934211731,
72,85879.8,-0.35426923632621765,0.6345880627632141,
73,93178.29999999999,-0.043177470564842224,0.6355099081993103,
74,91685.2,-0.3814084231853485,0.6336219310760498,
75,82629.99999999999,-0.13335217535495758,0.5499109625816345,
76,105690.59999999999,-0.14135007560253143,0.56707763671875,
77,105971.3,0.028505772352218628,0.5608637928962708,
78,105298.1,-0.20370253920555115,0.5432928204536438,
79,83477.09999999999,-0.30535489320755005,0.5310254693031311,
80,83865.69999999998,-0.4375554919242859,0.555786669254303,
81,92522.59999999999,-0.9161456227302551,0.6348454356193542,
82,86355.3,-0.559191107749939,0.5624164938926697,
83,96740.5,-0.3188885450363159,0.5362104177474976,
84,89452.70000000001,-0.09957852959632874,0.5198377966880798,
85,94093.6,-0.6927302479743958,0.4723644256591797,
86,84562.3,-0.9141606092453003,0.5422720313072205,
87,101559.1,-0.9718122482299805,0.6077209115028381,
88,95034.0,-1.5651808977127075,0.5999243855476379,
89,87462.7,-1.3494343757629395,0.6667222380638123,
90,87119.9,-1.5612894296646118,0.6267297863960266,
91,95762.7,-0.7958959937095642,0.5522894263267517,
92,87752.4,-0.11068594455718994,0.5303757190704346,
93,85974.29999999997,-0.12195035815238953,0.49632003903388977,
94,104390.5,0.6974442601203918,0.6495162844657898,
95,88784.3,0.2785305976867676,0.5562300086021423,
96,96276.7,-0.004820527974516153,0.5246794819831848,
97,88680.6,0.41564735770225525,0.5623466372489929,
98,74904.59999999999,0.4478064179420471,0.577861487865448,
99,79739.99999999999,0.46664318442344666,0.5576486587524414,
100,,-0.4499853551387787,0.5115026831626892,
101,,-0.3441269099712372,0.4763645827770233,
102,,-1.038222312927246,0.5497249960899353,
103,,-1.502817988395691,0.5911800861358643,
104,,-1.9289727210998535,0.6471056342124939,
105,,-1.8272238969802856,0.6159339547157288,
106,,-2.1713807582855225,0.6782251000404358,
107,,-1.9489938020706177,0.6523670554161072,
108,,-1.1422228813171387,0.5466249585151672,
109,,-1.0999393463134766,0.5550575256347656,
110,,-0.5631497502326965,0.487711638212204,
111,,-0.46330004930496216,0.5150898098945618,
112,,-0.6263981461524963,0.5664394497871399,
113,,-0.10500138998031616,0.5622976422309875,
114,,0.09525217115879059,0.5196019411087036,
115,,-0.13374954462051392,0.49070990085601807,
116,,0.23880785703659058,0.5349120497703552,
117,,0.054817695170640945,0.47886717319488525,
118,,-0.29403623938560486,0.489521324634552,
119,,-0.4164833724498749,0.5222886800765991,
120,,-0.8265687227249146,0.4723326861858368,
121,,-1.2888849973678589,0.4781871736049652,
122,,-1.369057297706604,0.4854448735713959,
123,,-0.9243592023849487,0.4968092143535614,
124,,-0.7240941524505615,0.4571619927883148,
125,,-0.7569471001625061,0.4357694983482361,
126,,-0.4322877526283264,0.4656522274017334,
127,,-0.32020261883735657,0.46944183111190796,
128,,-0.2904132306575775,0.4867444634437561,
129,,-0.6449928283691406,0.47919005155563354,
130,,-0.39117079973220825,0.42918166518211365,
131,,-0.8143904209136963,0.45947009325027466,
132,,-0.6608312726020813,0.4715297520160675,
133,,-0.9375883936882019,0.426399290561676,
134,,-0.9396908283233643,0.45106855034828186,
135,,0.1687053143978119,0.45590072870254517,
136,,0.39754119515419006,0.5048727989196777,
137,,0.05808185413479805,0.3986397981643677,
138,,0.4722745418548584,0.4029218256473541,
139,,0.22225545346736908,0.4254721701145172,
140,,-0.39121389389038086,0.4841315448284149,
141,,-0.7021659016609192,0.4554807245731354,
142,,-0.658894956111908,0.406057208776474,
143,,-0.9183465242385864,0.457839697599411,
144,,-0.12383022904396057,0.35823795199394226,
145,,-0.03667011111974716,0.42884907126426697,
146,,-0.07206740975379944,0.4252168536186218,
147,,0.17818361520767212,0.44576820731163025,
148,,0.261848509311676,0.37847989797592163,
149,,-0.018574237823486328,0.45841291546821594,
150,,0.021845245733857155,0.39401012659072876,
151,,-0.41509634256362915,0.41768500208854675,
152,,-0.7009850740432739,0.4255322515964508,
153,,-0.193719282746315,0.431318461894989,
154,,0.9843405485153198,0.4910983443260193,
155,,0.3076718747615814,0.4317976236343384,
156,,0.6590409874916077,0.45213964581489563,
157,,0.8546794056892395,0.4079793393611908,
158,,0.034063395112752914,0.4083779454231262,
159,,-0.011834516189992428,0.44564399123191833,
160,,0.1798117458820343,0.42129218578338623,
161,,-0.1721535623073578,0.40311357378959656,
162,,-0.011028623208403587,0.3769814074039459,
163,,-0.2624585032463074,0.3340734541416168,
164,,0.17637887597084045,0.36783239245414734,
165,,0.47117260098457336,0.3748001158237457,
166,,0.2037203162908554,0.35586410760879517,
167,,0.4595104157924652,0.45795753598213196,
168,,-0.39328643679618835,0.3723561763763428,
169,,-0.5085048079490662,0.3545737862586975,
170,,-0.7655083537101746,0.3539884090423584,
171,,-0.23632444441318512,0.35750988125801086,
172,,0.004723930265754461,0.3574761152267456,
173,,1.0309144258499146,0.41949033737182617,
174,,0.31602558493614197,0.3879294991493225,
175,,0.4447978734970093,0.40243956446647644,
176,,0.9736912846565247,0.407898485660553,
177,,0.5673908591270447,0.34984371066093445,
178,,0.4188709855079651,0.38035228848457336,
179,,-0.6308513879776001,0.3429490625858307,
180,,-0.7568394541740417,0.36963358521461487,
181,,-0.9056889414787292,0.3913809061050415,
182,,-0.5789793133735657,0.3652864396572113,
183,,0.10477489978075027,0.3290092349052429,
184,,-0.0349225290119648,0.32842111587524414,
185,,0.20667752623558044,0.2924112379550934,
186,,-0.09693232923746109,0.3155845105648041,
187,,0.11379867047071457,0.3806190490722656,
188,,0.26428350806236267,0.4015311598777771,
189,,-0.26631662249565125,0.31574538350105286,
190,,0.2719687521457672,0.3403746783733368,
191,,-0.19506113231182098,0.32206711173057556,
192,,0.28788673877716064,0.3062775433063507,
193,,-0.13256052136421204,0.36022382974624634,
194,,-0.42842116951942444,0.33919939398765564,
195,,-0.46043962240219116,0.39105677604675293,
196,,-0.014116429723799229,0.3099692761898041,
197,,0.54298996925354,0.3676895201206207,
198,,0.9019813537597656,0.4549044668674469,
199,,0.9782836437225342,0.34507399797439575,
200,,0.042806852608919144,0.32253286242485046,
201,,0.6769633889198303,0.36714279651641846,
202,,-0.2066335380077362,0.2939228117465973,
203,,0.4436083436012268,0.3479957580566406,
204,,0.05003323405981064,0.30532413721084595,
205,,-0.5111554861068726,0.35265231132507324,
206,,-1.153451681137085,0.37966856360435486,
207,,-1.380285620689392,0.43415567278862,
208,,-0.47655943036079407,0.3185674846172333,
209,,-0.15131111443042755,0.38011762499809265,
210,,0.23580792546272278,0.3544745445251465,
211,,-0.2820293605327606,0.3005814850330353,
212,,0.8979054093360901,0.36484724283218384,
213,,-0.6329498291015625,0.40968963503837585,
214,,0.6009137034416199,0.4145350456237793,
215,,0.6830801367759705,0.35592585802078247,
216,,0.4027257561683655,0.2826842665672302,
217,,0.5106731057167053,0.3103717267513275,
218,,-0.02663097344338894,0.3602878153324127,
219,,-0.37888747453689575,0.3234158754348755,
220,,-0.18667659163475037,0.300947368144989,
221,,0.2601536810398102,0.38811957836151123,
222,,0.07752936333417892,0.2755204439163208,
223,,0.22976161539554596,0.3175252676010132,
224,,-0.6339845657348633,0.36234065890312195,
225,,-0.020836295560002327,0.34619101881980896,
226,,-0.2743573486804962,0.34210750460624695,
227,,-0.7597787976264954,0.30914947390556335,
228,,-0.1950659155845642,0.3316361606121063,
229,,-0.01322686206549406,0.3623107075691223,
230,,0.850115954875946,0.35369211435317993,
231,,0.04414641857147217,0.2814662456512451,
232,,-0.5685198903083801,0.2403380274772644,
233,,0.3879874050617218,0.2853950560092926,
234,,0.27982956171035767,0.30957239866256714,
235,,0.5818430185317993,0.32932034134864807,
236,,-0.4896169900894165,0.2732836604118347,
237,,-0.305546373128891,0.3291849195957184,
238,,0.050045955926179886,0.29277485609054565,
239,,-0.06711453199386597,0.3387984335422516,
240,,-0.7360969185829163,0.2909868359565735,
241,,0.6493988037109375,0.29329821467399597,
242,,-0.035952378064394,0.24677427113056183,
243,,0.0896853506565094,0.26740261912345886,
244,,-0.007462501525878906,0.25963184237480164,
245,,-0.2648371756076813,0.2951076924800873,
246,,-0.6999146938323975,0.37179747223854065,
247,,-0.008496741764247417,0.3215113878250122,
248,,-0.09755554050207138,0.3183494806289673,
249,,0.5310261249542236,0.2472875714302063,
250,,0.24440898001194,0.3024539649486542,
251,,-0.583489179611206,0.3648701310157776,
252,,0.1170542761683464,0.26216718554496765,
253,,0.0349360853433609,0.27841898798942566,
254,,-0.0183951947838068,0.26000043749809265,
255,,-0.047959644347429276,0.25233787298202515,
256,,-0.02973327599465847,0.3012527525424957,
257,,0.051770370453596115,0.2738577127456665,
258,,-0.30027252435684204,0.24408984184265137,
259,,0.03056473657488823,0.21131283044815063,
260,,0.45306697487831116,0.20116618275642395,
261,,0.2610014081001282,0.25697746872901917,
262,,0.3150145709514618,0.27526092529296875,
263,,-0.5551068186759949,0.2719767987728119,
264,,-0.03880390152335167,0.23943567276000977,
265,,-1.069279432296753,0.3826952278614044,
266,,-0.4318479299545288,0.24856330454349518,
267,,-0.19340620934963226,0.2360553741455078,
268,,-0.38346901535987854,0.27923816442489624,
269,,-0.22957465052604675,0.29240456223487854,
270,,0.24424044787883759,0.304111510515213,
271,,1.3905103206634521,0.3776741623878479,
272,,0.6969588398933411,0.318983793258667,
273,,1.4519414901733398,0.5119497179985046,
274,,0.8493202924728394,0.30669352412223816,
275,,0.18412548303604126,0.2690370976924896,
276,,-0.01376324612647295,0.2540301978588104,
277,,-0.769701361656189,0.22074685990810394,
278,,-0.5850279927253723,0.2673814594745636,
279,,-0.44290387630462646,0.2975780665874481,
280,,-0.47080203890800476,0.2827668786048889,
281,,-0.09925208985805511,0.26374340057373047,
282,,0.041073378175497055,0.2355729639530182,
283,,-0.379313200712204,0.2443743646144867,
284,,-0.3823719024658203,0.3226848840713501,
285,,-0.3776160776615143,0.1895504742860794,
286,,0.3945903778076172,0.2401140034198761,
287,,1.0431464910507202,0.31318527460098267,
288,,0.7517327070236206,0.25950711965560913,
289,,0.4693053662776947,0.23530463874340057,
290,,0.9440250992774963,0.27334773540496826,
291,,0.8675251603126526,0.309474378824234,
292,,-0.0959499329328537,0.27329450845718384,
293,,-0.7500844597816467,0.28288933634757996,
294,,-0.5320976376533508,0.2855691611766815,
295,,-0.2353839874267578,0.2622007727622986,
296,,-0.49152565002441406,0.2606077194213867,
297,,0.3884943425655365,0.20753543078899384,
298,,-0.07296058535575867,0.2575669288635254,
299,,0.19460797309875488,0.25768470764160156,
300,,-0.3818391263484955,0.232526957988739,
301,,-0.3310231566429138,0.20874282717704773,
302,,-0.0010431432165205479,0.2493601143360138,
303,,0.19129373133182526,0.23068922758102417,
304,,-0.4349837899208069,0.20787784457206726,
305,,-0.25232622027397156,0.2426495999097824,
306,,-0.2113277018070221,0.1867603212594986,
307,,0.04661836475133896,0.22993573546409607,
308,,-0.6698113679885864,0.2524997591972351,
309,,0.22252097725868225,0.27122947573661804,
310,,0.516898512840271,0.2570594251155853,
311,,0.4077739119529724,0.21368271112442017,
312,,-0.20964694023132324,0.27047020196914673,
313,,-0.8186471462249756,0.25077563524246216,
314,,0.8529648184776306,0.2593890428543091,
315,,-0.4366309344768524,0.27056798338890076,
316,,-0.052766893059015274,0.20280806720256805,
317,,0.31171926856040955,0.25095438957214355,
318,,-0.5111831426620483,0.30792734026908875,
319,,-0.7055355906486511,0.295642226934433,
320,,0.020799530670046806,0.17069223523139954,
321,,0.1057310551404953,0.19411666691303253,
322,,0.36061424016952515,0.2337452471256256,
323,,0.11376170814037323,0.22389395534992218,
324,,0.5040440559387207,0.22776900231838226,
325,,0.24281935393810272,0.2507096529006958,
326,,0.37063926458358765,0.1852291077375412,
327,,-0.6829522848129272,0.20293626189231873,
328,,-1.1120039224624634,0.2914417088031769,
329,,-1.4222402572631836,0.29402247071266174,
330,,-1.4010330438613892,0.3010134696960449,
331,,-0.651768147945404,0.24465934932231903,
332,,-0.09563728421926498,0.19196517765522003,
333,,-0.7884698510169983,0.2100495547056198,
334,,-0.06272672861814499,0.20837731659412384,
335,,0.22580763697624207,0.20488040149211884,
336,,0.8005750775337219,0.2439999282360077,
337,,1.1695433855056763,0.31987816095352173,
338,,0.716907262802124,0.22097307443618774,
339,,1.015473484992981,0.32084912061691284,
340,,0.9858624935150146,0.23789502680301666,
341,,-0.1787293404340744,0.2700957655906677,
342,,0.1490533947944641,0.19407615065574646,
343,,-0.44585952162742615,0.20388217270374298,
344,,-0.41121232509613037,0.24902479350566864,
345,,-1.4833086729049683,0.38738730549812317,
346,,-1.1700737476348877,0.28418806195259094,
347,,-0.3790760040283203,0.19905811548233032,
348,,-0.2281966358423233,0.1823933720588684,
349,,-0.4776935577392578,0.25410792231559753,
350,,0.2409152388572693,0.2681381404399872,
351,,0.25151318311691284,0.20327289402484894,
352,,1.0067901611328125,0.3077966868877411,
353,,0.6020055413246155,0.2719435393810272,
354,,0.6640115976333618,0.21592603623867035,
355,,0.19586509466171265,0.19219152629375458,
356,,-0.49841737747192383,0.16378656029701233,
357,,-0.3720133602619171,0.187164306640625,
358,,-0.4736950695514679,0.17897911369800568,
359,,0.5614961981773376,0.22616060078144073,
360,,-0.47889944911003113,0.2563701272010803,
361,,-0.23067733645439148,0.26815733313560486,
362,,1.1662414073944092,0.26925039291381836,
363,,1.3399826288223267,0.2969023287296295,
364,,0.6725917458534241,0.21114936470985413,
365,,0.42484477162361145,0.18236762285232544,
366,,0.8301182389259338,0.2475447803735733,
367,,0.3309684693813324,0.16253669559955597,
368,,-0.8940931558609009,0.23471610248088837,
369,,0.05936935171484947,0.2294785976409912,
370,,-0.8422648906707764,0.2518625259399414,
371,,-1.1066941022872925,0.3405829966068268,
372,,-0.08014171570539474,0.15966807305812836,
373,,-0.10832301527261734,0.22017592191696167,
374,,-0.32293012738227844,0.23387090861797333,
375,,0.3734486997127533,0.22748512029647827,
376,,0.08050776273012161,0.2027289867401123,
377,,0.34595218300819397,0.23818030953407288,
378,,0.5927882790565491,0.2711156904697418,
379,,0.949927806854248,0.28187641501426697,
380,,0.41039812564849854,0.23099054396152496,
381,,0.9568237662315369,0.2039693146944046,
382,,-0.3622188866138458,0.20902703702449799,
383,,0.2865159511566162,0.22069045901298523,
384,,-0.24648278951644897,0.21015861630439758,
385,,-0.06139057129621506,0.21491408348083496,
386,,-0.8236779570579529,0.19890975952148438,
387,,-0.5966463088989258,0.21039560437202454,
388,,0.1581275761127472,0.16770392656326294,
389,,0.7312152981758118,0.19863824546337128,
390,,0.3470366299152374,0.179791659116745,
391,,0.5071431398391724,0.2136511504650116,
392,,0.1387929618358612,0.19708281755447388,
393,,0.2917378544807434,0.2041614055633545,
394,,0.7441290616989136,0.22884716093540192,
395,,-1.197366714477539,0.2626064717769623,
396,,-0.02965036779642105,0.18691818416118622,
397,,-0.6502824425697327,0.19500482082366943,
398,,-0.790073812007904,0.19163596630096436,
399,,-0.06404019892215729,0.20477434992790222,
400,,-0.6536402702331543,0.23475950956344604,
401,,-0.27534231543540955,0.18900670111179352,
402,,0.88062983751297,0.20812129974365234,
403,,0.9823862910270691,0.24012194573879242,
404,,0.7257177829742432,0.23201991617679596,
405,,0.7236489057540894,0.2327890843153,
406,,0.6889790892601013,0.2268795669078827,
407,,0.05713600665330887,0.22603252530097961,
408,,-0.42330482602119446,0.1887715607881546,
409,,-0.805579423904419,0.25861820578575134,
410,,-0.235868901014328,0.15157020092010498,
411,,-1.402976155281067,0.288793683052063,
412,,-0.25124993920326233,0.15906162559986115,
413,,0.33581745624542236,0.17903490364551544,
414,,0.8761094212532043,0.20742745697498322,
415,,0.7522390484809875,0.21820518374443054,
416,,0.42045676708221436,0.17174558341503143,
417,,0.13186746835708618,0.16825799643993378,
418,,0.5685601830482483,0.2718086242675781,
419,,0.005466346628963947,0.15776275098323822,
420,,-0.9276296496391296,0.24156306684017181,
421,,-0.3842089772224426,0.2167092114686966,
422,,-0.9536623954772949,0.22662657499313354,
423,,0.09010858088731766,0.15243755280971527,
424,,0.46601995825767517,0.22385703027248383,
425,,0.14652173221111298,0.17886470258235931,
426,,-0.1530763804912567,0.16662415862083435,
427,,-1.102347493171692,0.1906997263431549,
428,,-1.0092437267303467,0.21962834894657135,
429,,0.38453856110572815,0.2345517873764038,
430,,-0.029861977323889732,0.1683746725320816,
431,,-0.24828225374221802,0.14195770025253296,
432,,0.11435028910636902,0.1931944042444229,
433,,-0.10074634104967117,0.1629602164030075,
434,,0.562156617641449,0.20410530269145966,
435,,0.4994104206562042,0.1775379180908203,
436,,1.1841638088226318,0.22700169682502747,
437,,-0.056678492575883865,0.2710379660129547,
438,,0.11514730006456375,0.17023825645446777,
439,,-0.10455433279275894,0.1682334542274475,
440,,-0.664627730846405,0.19470380246639252,
441,,-0.7316372394561768,0.17635278403759003,
442,,-0.2823282778263092,0.12603050470352173,
443,,-0.499331533908844,0.1419970840215683,
444,,0.48347488045692444,0.1731317639350891,
445,,0.2708762586116791,0.18371495604515076,
446,,1.0175477266311646,0.18469969928264618,
447,,-0.06983392685651779,0.19631026685237885,
448,,-0.2736724615097046,0.16405528783798218,
449,,0.14155684411525726,0.1531168520450592,
450,,1.1523264646530151,0.2484612613916397,
451,,0.16378769278526306,0.19421185553073883,
452,,0.3302781581878662,0.13396623730659485,
453,,-0.2698165774345398,0.17682714760303497,
454,,-0.2567070424556732,0.1550559550523758,
455,,0.076138935983181,0.17455913126468658,
456,,-0.7042769193649292,0.25382694602012634,
457,,0.31015893816947937,0.14067673683166504,
458,,0.8841267228126526,0.2386535257101059,
459,,1.1370872259140015,0.2794561982154846,
460,,0.3534611463546753,0.2139398157596588,
461,,0.3453940153121948,0.17901526391506195,
462,,-0.9283643960952759,0.1850820928812027,
463,,-0.4481762945652008,0.16106648743152618,
464,,-1.6953082084655762,0.28240686655044556,
465,,-0.3590087294578552,0.20178508758544922,
466,,-0.5858126878738403,0.20160464942455292,
467,,0.09511888027191162,0.20801319181919098,
468,,0.43468764424324036,0.20274177193641663,
469,,1.843416690826416,0.34847044944763184,
470,,2.800612211227417,0.5847310423851013,
471,,2.122022867202759,0.44871389865875244,
472,,1.7866384983062744,0.2936508357524872,
473,,1.054516315460205,0.168935626745224,
474,,0.8537600636482239,0.20707042515277863,
475,,-0.5417669415473938,0.28009477257728577,
476,,-0.579775869846344,0.15068858861923218,
477,,-0.64821457862854,0.16949911415576935,
478,,-0.17705878615379333,0.1380273997783661,
479,,-0.16708117723464966,0.19782523810863495,
480,,-0.08674032986164093,0.17258578538894653,
481,,-0.1953631490468979,0.20131728053092957,
482,,0.8089562058448792,0.20788376033306122,
483,,0.8048844933509827,0.1916542798280716,
484,,0.7593720555305481,0.1484375149011612,
485,,0.9683370590209961,0.2283129096031189,
486,,0.44896283745765686,0.2068031132221222,
487,,0.31778544187545776,0.14333131909370422,
488,,-0.24982577562332153,0.18666617572307587,
489,,-0.2574860453605652,0.13787102699279785,
490,,-0.9365678429603577,0.20686666667461395,
491,,-1.1426050662994385,0.20734332501888275,
492,,-0.053241729736328125,0.11663081496953964,
493,,-0.36308714747428894,0.23203851282596588,
494,,-0.051695115864276886,0.2086889147758484,
495,,1.385814905166626,0.24494841694831848,
496,,1.5162465572357178,0.25882571935653687,
497,,1.7164721488952637,0.2881048619747162,
498,,0.8718335032463074,0.17611409723758698,
499,,0.6655267477035522,0.16426292061805725,
500,,-0.27944251894950867,0.1477733701467514,
501,,0.0383218377828598,0.2013596147298813,
502,,-0.44038721919059753,0.16562458872795105,
503,,-0.33804216980934143,0.15698562562465668,
504,,0.7960532903671265,0.15061330795288086,
505,,0.33389729261398315,0.15577161312103271,
506,,-0.15710052847862244,0.12170955538749695,
507,,1.2535675764083862,0.21734996140003204,
508,,0.22107172012329102,0.15969091653823853,
509,,-0.30103808641433716,0.1679675281047821,
510,,-0.17743733525276184,0.12532362341880798,
511,,-0.7338366508483887,0.2111738920211792,
512,,0.5356965661048889,0.12544499337673187,
513,,0.8317034840583801,0.1839318871498108,
514,,0.8383803963661194,0.16038107872009277,
515,,0.0006788969039916992,0.16273997724056244,
516,,-0.18645669519901276,0.11388517916202545,
517,,-0.7771580815315247,0.17462283372879028,
518,,-0.6747520565986633,0.1684461236000061,
519,,-0.5904528498649597,0.13143031299114227,
520,,-0.6637657880783081,0.2140573412179947,
521,,-0.5990669131278992,0.14237089455127716,
522,,1.2391057014465332,0.2289734035730362,
523,,0.8450625538825989,0.20047439634799957,
524,,1.5411107540130615,0.2210550308227539,
525,,1.531395435333252,0.27921226620674133,
526,,1.4294798374176025,0.23499499261379242,
527,,0.78269362449646,0.1805768609046936,
528,,-0.37214195728302,0.22298139333724976,
529,,0.958179771900177,0.17480939626693726,
530,,1.0872793197631836,0.2377251833677292,
531,,-0.8319400548934937,0.19039474427700043,
532,,-0.6506707072257996,0.2879725694656372,
533,,-0.3861384391784668,0.22534644603729248,
534,,-0.5777105689048767,0.15165036916732788,
535,,0.0023674010299146175,0.1823352724313736,
536,,0.3300316631793976,0.16100968420505524,
537,,0.11201178282499313,0.1609710454940796,
538,,-0.21294192969799042,0.11148013174533844,
539,,0.21931645274162292,0.16646605730056763,
540,,0.3335258364677429,0.13820576667785645,
541,,0.8177354335784912,0.20518168807029724,
542,,0.019042950123548508,0.14900760352611542,
543,,0.4247308373451233,0.17713041603565216,
544,,-0.2701336145401001,0.1848815530538559,
545,,-0.28152456879615784,0.17085745930671692,
546,,0.27975746989250183,0.13078299164772034,
547,,-0.5712842345237732,0.14994096755981445,
548,,-1.3570629358291626,0.22484679520130157,
549,,1.1433706283569336,0.17973190546035767,
550,,0.19411738216876984,0.16827654838562012,
551,,0.3404986560344696,0.1857568770647049,
552,,0.49600088596343994,0.1606583297252655,
553,,-1.0959959030151367,0.2007400393486023,
554,,-0.06559184938669205,0.13730110228061676,
555,,-0.10114017128944397,0.12012277543544769,
556,,0.10461433976888657,0.11917322874069214,
557,,0.7090563774108887,0.19614295661449432,
558,,-0.5576188564300537,0.13405336439609528,
559,,0.26273632049560547,0.11509907245635986,
560,,-0.9418150186538696,0.18627601861953735,
561,,-1.0331339836120605,0.19812163710594177,
562,,0.41728585958480835,0.1430959701538086,
563,,-0.8281007409095764,0.15273170173168182,
564,,0.1572769731283188,0.15249985456466675,
565,,0.3847671449184418,0.11067912727594376,
566,,-0.28322353959083557,0.10746560990810394,
567,,0.5398573875427246,0.16235733032226562,
568,,-0.23201918601989746,0.17567303776741028,
569,,0.6158486604690552,0.1464308351278305,
570,,-0.21803848445415497,0.13866768777370453,
571,,-0.7953289747238159,0.1748485565185547,
572,,-0.46256154775619507,0.1412341445684433,
573,,0.3102259635925293,0.11074449121952057,
574,,0.18836219608783722,0.12540873885154724,
575,,-0.151393324136734,0.1487337201833725,
576,,1.3269165754318237,0.2240963578224182,
577,,0.3025986850261688,0.15748688578605652,
578,,0.7224993109703064,0.21838155388832092,
579,,0.3534637987613678,0.10551372915506363,
580,,0.41561636328697205,0.18302695453166962,
581,,-0.12461244314908981,0.12596261501312256,
582,,-0.9033682942390442,0.1393485814332962,
583,,-1.0300962924957275,0.17653045058250427,
584,,-0.5313495993614197,0.18474769592285156,
585,,0.08814723789691925,0.12492306530475616,
586,,0.7092717289924622,0.17834563553333282,
587,,-0.33566051721572876,0.13486456871032715,
588,,0.050625067204236984,0.1825844943523407,
589,,0.2821967601776123,0.16115042567253113,
590,,0.31445223093032837,0.1656413972377777,
591,,-0.1156788244843483,0.11155741661787033,
592,,-0.6259409189224243,0.19752269983291626,
593,,0.4333546459674835,0.137631356716156,
594,,-0.16186149418354034,0.1126539558172226,
595,,0.9109457731246948,0.1786566823720932,
596,,-0.12613196671009064,0.18356697261333466,
597,,-0.4753534197807312,0.11584048718214035,
598,,-1.5967947244644165,0.20173202455043793,
599,,0.0701603814959526,0.16465678811073303,
600,,-0.30215591192245483,0.12262710183858871,
601,,0.8110316395759583,0.18884246051311493,
602,,0.35458844900131226,0.13446450233459473,
603,,-0.14591936767101288,0.13299791514873505,
604,,0.22707168757915497,0.10086757689714432,
605,,-0.4779543876647949,0.18350261449813843,
606,,-0.46645212173461914,0.16005416214466095,
607,,0.13356970250606537,0.16646708548069,
608,,-0.09678464382886887,0.14370812475681305,
609,,0.059158552438020706,0.16706053912639618,
610,,1.3912535905838013,0.2615406811237335,
611,,0.7689478993415833,0.14670738577842712,
612,,-0.014277982525527477,0.1682817041873932,
613,,-0.437841534614563,0.1651264876127243,
614,,-0.4632740616798401,0.17183831334114075,
615,,-0.8320069909095764,0.14484170079231262,
616,,0.11022693663835526,0.11529786884784698,
617,,0.3739061653614044,0.23592862486839294,
618,,-0.2863544821739197,0.12432946264743805,
619,,-0.006033553741872311,0.13824139535427094,
620,,-0.29235246777534485,0.1465831845998764,
621,,0.03259803354740143,0.10376209765672684,
622,,-0.17091336846351624,0.1504715532064438,
623,,0.2032894641160965,0.14124391973018646,
624,,-0.11464351415634155,0.15579095482826233,
625,,-0.9480207562446594,0.15932776033878326,
626,,-0.453000545501709,0.1468716412782669,
627,,-0.8089828491210938,0.12232594937086105,
628,,-0.08593650907278061,0.1662479192018509,
629,,1.0119805335998535,0.16208846867084503,
630,,1.2778741121292114,0.2481529414653778,
631,,1.7663787603378296,0.31350207328796387,
632,,1.2174252271652222,0.21261757612228394,
633,,1.528074026107788,0.23290438950061798,
634,,0.15602131187915802,0.18008749186992645,
635,,0.14557431638240814,0.17334312200546265,
636,,0.004317741375416517,0.11055023223161697,
637,,-0.22985154390335083,0.13033469021320343,
638,,-1.1436681747436523,0.17691710591316223,
639,,-1.057778239250183,0.15357181429862976,
640,,0.049507346004247665,0.10840067267417908,
641,,0.38961005210876465,0.1311987340450287,
642,,0.16696278750896454,0.09815279394388199,
643,,0.024464717134833336,0.12024379521608353,
644,,-0.31474989652633667,0.08505138009786606,
645,,-0.822835385799408,0.1149202287197113,
646,,-0.5891205072402954,0.20636296272277832,
647,,0.5412015914916992,0.12330726534128189,
648,,1.170719861984253,0.21831782162189484,
649,,0.5454012751579285,0.13795116543769836,
650,,-0.4503327012062073,0.13080650568008423,
651,,-0.807076096534729,0.17113354802131653,
652,,-0.33179762959480286,0.11087938398122787,
653,,-0.380768358707428,0.15258321166038513,
654,,1.8911031484603882,0.3151843249797821,
655,,1.7558364868164062,0.3007587790489197,
656,,2.068145513534546,0.3846350312232971,
657,,1.7260652780532837,0.3075697720050812,
658,,1.617426872253418,0.2407808005809784,
659,,0.49908775091171265,0.14943332970142365,
660,,-0.32251760363578796,0.1152234598994255,
661,,-0.14725063741207123,0.13382822275161743,
662,,-0.17405708134174347,0.11946851760149002,
663,,-0.4313203990459442,0.16280588507652283,
664,,0.1716611683368683,0.10331903398036957,
665,,-0.45701858401298523,0.163935124874115,
666,,0.63466477394104,0.1552475541830063,
667,,1.2573233842849731,0.1789160519838333,
668,,0.020203914493322372,0.12624968588352203,
669,,-0.34625107049942017,0.1229199543595314,
670,,-0.2796474099159241,0.14491942524909973,
671,,0.31048983335494995,0.15466775000095367,
672,,-0.43579939007759094,0.11440379917621613,
673,,-0.5336338877677917,0.12308632582426071,
674,,-0.1662708818912506,0.14339448511600494,
675,,0.4456690549850464,0.10519552230834961,
676,,1.0525949001312256,0.1501433402299881,
677,,-0.663564145565033,0.15620847046375275,
678,,0.18668849766254425,0.15183262526988983,
679,,-0.4436163306236267,0.18798449635505676,
680,,0.01491869892925024,0.13720880448818207,
681,,0.9353682994842529,0.2328801304101944,
682,,0.7851728796958923,0.1882995218038559,
683,,-0.09157649427652359,0.10066178441047668,
684,,-0.5902010202407837,0.13567593693733215,
685,,-0.14561156928539276,0.14943136274814606,
686,,-1.4935591220855713,0.19328057765960693,
687,,-0.41210445761680603,0.11491274833679199,
688,,0.3867582380771637,0.13287879526615143,
689,,0.7472327947616577,0.1923026442527771,
690,,-0.02508060447871685,0.1876533031463623,
691,,0.6359239220619202,0.1816055327653885,
692,,-0.17803794145584106,0.10079265385866165,
693,,-0.7347846031188965,0.23715029656887054,
694,,0.1010933369398117,0.14370225369930267,
695,,0.33887991309165955,0.08223029971122742,
696,,0.46573057770729065,0.13866254687309265,
697,,-0.8615519404411316,0.17733459174633026,
698,,-0.17062969505786896,0.11888587474822998,
699,,0.26894137263298035,0.13434188067913055,
700,,0.14097513258457184,0.15688331425189972,
701,,-0.9597591757774353,0.17336596548557281,
702,,0.7982574105262756,0.16135480999946594,
703,,0.92759770154953,0.16822661459445953,
704,,1.1254709959030151,0.25264212489128113,
705,,0.6900016069412231,0.1644764244556427,
706,,0.1960136443376541,0.14343272149562836,
707,,0.1687488704919815,0.14897102117538452,
708,,-0.9830961227416992,0.17308475077152252,
709,,-0.8220118284225464,0.14157181978225708,
710,,-1.9881606101989746,0.29212039709091187,
711,,-0.3703417181968689,0.17032398283481598,
712,,-0.6372014880180359,0.12093652784824371,
713,,0.612730860710144,0.09852045029401779,
714,,0.7349061369895935,0.19985170662403107,
715,,0.5270577669143677,0.13452297449111938,
716,,0.15661153197288513,0.15578091144561768,
717,,0.6026108860969543,0.16109699010849,
718,,-0.46174898743629456,0.12952153384685516,
719,,0.09705141186714172,0.1163623183965683,
720,,-0.791519045829773,0.19686855375766754,
721,,-1.5975648164749146,0.28122788667678833,
722,,-0.40085798501968384,0.140818789601326,
723,,-0.4313567280769348,0.11757377535104752,
724,,0.7178133130073547,0.16871073842048645,
725,,1.6307156085968018,0.27010777592658997,
726,,1.952128291130066,0.34099143743515015,
727,,1.1665050983428955,0.23732616007328033,
728,,1.043069839477539,0.2091042697429657,
729,,0.9136515855789185,0.158819779753685,
730,,0.3171248137950897,0.1056080013513565,
731,,-0.9400235414505005,0.17906829714775085,
732,,-0.6561682224273682,0.14104986190795898,
733,,-1.7122012376785278,0.2722512483596802,
734,,-1.1848642826080322,0.26796263456344604,
735,,-1.4269874095916748,0.2968316674232483,
736,,-0.9772858023643494,0.17898231744766235,
737,,-0.8443546891212463,0.22188949584960938,
738,,0.0907147228717804,0.17249274253845215,
739,,0.430562287569046,0.2558877468109131,
740,,1.3031582832336426,0.22912883758544922,
741,,1.6455967426300049,0.24001558125019073,
742,,0.7625392079353333,0.23262816667556763,
743,,0.7986689805984497,0.15541979670524597,
744,,0.015088352374732494,0.08499258011579514,
745,,-0.40827852487564087,0.14696314930915833,
746,,-0.42639657855033875,0.13895048201084137,
747,,-2.1358375549316406,0.3426916301250458,
748,,-1.1172137260437012,0.21361781656742096,
749,,1.3410335779190063,0.1773630827665329,
750,,-0.15730081498622894,0.10837395489215851,
751,,-0.0824931338429451,0.09228595346212387,
752,,-0.11546943336725235,0.1799839586019516,
753,,1.0362768173217773,0.14368298649787903,
754,,1.106500267982483,0.1888284832239151,
755,,1.3439321517944336,0.2518796920776367,
756,,1.6584566831588745,0.22732600569725037,
757,,1.498537302017212,0.2197737842798233,
758,,0.8449347615242004,0.1480555534362793,
759,,-0.045586440712213516,0.13172316551208496,
760,,-1.8459059000015259,0.2975200116634369,
761,,-1.050702691078186,0.15749897062778473,
762,,-1.1764085292816162,0.1903926432132721,
763,,-0.10172317177057266,0.1431010514497757,
764,,-0.5836774110794067,0.11850576847791672,
765,,0.7957969307899475,0.15838579833507538,
766,,0.9012678265571594,0.14208455383777618,
767,,0.36269623041152954,0.12397131323814392,
768,,0.6619551181793213,0.11965478956699371,
769,,-0.0709482878446579,0.08916490525007248,
770,,0.019486140459775925,0.10795430094003677,
771,,0.12613838911056519,0.14804042875766754,
772,,-0.3379144072532654,0.13848096132278442,
773,,-0.8190594911575317,0.15610629320144653,
774,,-0.31403177976608276,0.13411159813404083,
775,,-0.4142848253250122,0.1386736035346985,
776,,0.13427217304706573,0.11156389117240906,
777,,0.6780188679695129,0.2008846253156662,
778,,0.17625144124031067,0.11203796416521072,
779,,0.6059554219245911,0.13464848697185516,
780,,0.45994260907173157,0.08821699023246765,
781,,0.4395279884338379,0.13147860765457153,
782,,0.08619312196969986,0.1424444317817688,
783,,-0.33954012393951416,0.08373100310564041,
784,,-0.22615550458431244,0.0679779052734375,
785,,-1.8354003429412842,0.287224680185318,
786,,-0.606259822845459,0.11715392023324966,
787,,-0.49173057079315186,0.12700733542442322,
788,,0.6387624740600586,0.1831144094467163,
789,,0.041183337569236755,0.11754010617733002,
790,,1.1758379936218262,0.15001054108142853,
791,,0.6844227313995361,0.12918631732463837,
792,,1.0031944513320923,0.14945636689662933,
793,,0.689902663230896,0.12447965145111084,
794,,0.49839746952056885,0.12035196274518967,
795,,-1.209222435951233,0.1791442483663559,
796,,-1.35934579372406,0.16563911736011505,
797,,-1.7231109142303467,0.2147263139486313,
798,,-0.47925955057144165,0.13519710302352905,
799,,-0.7327683568000793,0.12299451231956482,
800,,0.49361613392829895,0.11167611926794052,
801,,0.4834466576576233,0.10075611621141434,
802,,0.05118612200021744,0.0712638720870018,
803,,0.6058018207550049,0.15648657083511353,
804,,0.4406873285770416,0.09830789268016815,
805,,0.4179547429084778,0.10387788712978363,
806,,-0.3093952238559723,0.0895049050450325,
807,,-1.0120080709457397,0.16298866271972656,
808,,-0.5732956528663635,0.11659759283065796,
809,,-0.771414577960968,0.11076118052005768,
810,,-0.5366671681404114,0.09006145596504211,
811,,0.5736058950424194,0.1225781962275505,
812,,1.05997633934021,0.16615459322929382,
813,,0.9451490640640259,0.16232652962207794,
814,,1.747466802597046,0.2570009231567383,
815,,1.1573323011398315,0.13961473107337952,
816,,0.9231858849525452,0.14856547117233276,
817,,-0.059879034757614136,0.10591199994087219,
818,,0.17892982065677643,0.11120247840881348,
819,,-1.0447578430175781,0.15388377010822296,
820,,-1.5101615190505981,0.2809196710586548,
821,,-0.41535013914108276,0.11123691499233246,
822,,-0.3468877077102661,0.08147958666086197,
823,,0.19515889883041382,0.102306067943573,
824,,1.15220046043396,0.13843420147895813,
825,,0.6021721363067627,0.14599689841270447,
826,,0.7044300436973572,0.15190984308719635,
827,,0.9827770590782166,0.17650024592876434,
828,,-0.18788371980190277,0.08960793912410736,
829,,-0.22486244142055511,0.1456240564584732,
830,,0.3867737352848053,0.09195758402347565,
831,,0.04939013719558716,0.09056641161441803,
832,,0.5772202014923096,0.13905127346515656,
833,,-0.9736509323120117,0.16935810446739197,
834,,-0.4660881757736206,0.08151362836360931,
835,,-0.3320024907588959,0.13570289313793182,
836,,0.6872028112411499,0.0986710712313652,
837,,0.1893138289451599,0.12251929938793182,
838,,0.08627484738826752,0.10172903537750244,
839,,0.7423442006111145,0.11705420166254044,
840,,-0.1267257034778595,0.10420431196689606,
841,,0.44500234723091125,0.0897141844034195,
842,,0.7538743615150452,0.08656806498765945,
843,,0.5115298628807068,0.08899270743131638,
844,,0.18485797941684723,0.09382295608520508,
845,,-0.1448785811662674,0.09027097374200821,
846,,-0.4609999358654022,0.17108549177646637,
847,,-1.3820611238479614,0.16329821944236755,
848,,-0.12916813790798187,0.09547486156225204,
849,,0.0006114149000495672,0.11029569059610367,
850,,0.3891841769218445,0.126803457736969,
851,,0.9659092426300049,0.18023845553398132,
852,,1.680051565170288,0.23838338255882263,
853,,1.1755653619766235,0.21877725422382355,
854,,-0.0268759336322546,0.08856003731489182,
855,,-0.01246550027281046,0.11835168302059174,
856,,0.12175104022026062,0.12143731862306595,
857,,-0.6625311970710754,0.14638441801071167,
858,,-0.11319601535797119,0.12929701805114746,
859,,-0.07307498902082443,0.10514357686042786,
860,,0.6366583108901978,0.11407502740621567,
861,,0.08383173495531082,0.11938115209341049,
862,,0.003406810574233532,0.07979493588209152,
863,,0.12659257650375366,0.08518753200769424,
864,,1.6066477298736572,0.16733048856258392,
865,,1.851485252380371,0.27106037735939026,
866,,1.8559328317642212,0.24978923797607422,
867,,1.3963334560394287,0.19181813299655914,
868,,-0.10542148351669312,0.08313363790512085,
869,,-0.4774046838283539,0.08448883146047592,
870,,0.676285982131958,0.11905307322740555,
871,,1.1782641410827637,0.16686289012432098,
872,,0.9179555773735046,0.1497451215982437,
873,,-1.5954431295394897,0.23218917846679688,
874,,-1.606107473373413,0.28779059648513794,
875,,-0.9960682392120361,0.15452630817890167,
876,,-0.731220543384552,0.14764611423015594,
877,,-0.4666456878185272,0.09586820751428604,
878,,0.3943308889865875,0.09221451729536057,
879,,0.8687240481376648,0.1306665539741516,
880,,-0.0981699749827385,0.11095087975263596,
881,,0.10777038335800171,0.07054516673088074,
882,,0.03566357493400574,0.0744013860821724,
883,,0.38197463750839233,0.08197206258773804,
884,,0.1619368940591812,0.07983153313398361,
885,,-0.6240214705467224,0.12671180069446564,
886,,-0.4675687253475189,0.1079680398106575,
887,,0.19454307854175568,0.08326225727796555,
888,,0.9099761843681335,0.13442616164684296,
889,,0.46427905559539795,0.12981516122817993,
890,,0.6276928186416626,0.08241388201713562,
891,,0.1004246324300766,0.07135551422834396,
892,,-0.012695908546447754,0.08100496232509613,
893,,-0.8575737476348877,0.17196166515350342,
894,,-0.6724445819854736,0.09285639226436615,
895,,0.34740638732910156,0.09039939939975739,
896,,0.0214423555880785,0.08318547904491425,
897,,0.20524421334266663,0.10800651460886002,
898,,0.23116116225719452,0.10928665846586227,
899,,-0.01020642276853323,0.10000475496053696,
900,,-1.5619384050369263,0.20660167932510376,
901,,0.21203696727752686,0.1012658104300499,
902,,-0.4467874765396118,0.1336221843957901,
903,,-0.334363728761673,0.0884992778301239,
904,,-0.016383953392505646,0.11856216192245483,
905,,1.2244172096252441,0.1649770736694336,
906,,0.7697680592536926,0.10365190356969833,
907,,0.6017138361930847,0.09377375990152359,
908,,-0.6137951016426086,0.08888715505599976,
909,,-0.19939112663269043,0.08296823501586914,
910,,-0.00862602237612009,0.07644258439540863,
911,,1.131414771080017,0.19000442326068878,
912,,1.4069921970367432,0.18343870341777802,
913,,1.0378897190093994,0.155361607670784,
914,,-0.15492893755435944,0.07839536666870117,
915,,0.18690891563892365,0.08044154196977615,
916,,-0.3240935206413269,0.0924941673874855,
917,,-1.1515189409255981,0.16434863209724426,
918,,-0.04923637583851814,0.12686927616596222,
919,,-1.1389579772949219,0.16235727071762085,
920,,-0.1731543093919754,0.09532967209815979,
921,,0.6719843149185181,0.08458704501390457,
922,,0.1682857722043991,0.10295926034450531,
923,,1.2494782209396362,0.16461913287639618,
924,,1.4161492586135864,0.17139454185962677,
925,,1.3268802165985107,0.17916326224803925,
926,,0.9178394675254822,0.13627390563488007,
927,,-0.06558029353618622,0.12615996599197388,
928,,-0.5656504034996033,0.11535360664129257,
929,,0.08523009717464447,0.07594592869281769,
930,,-0.7386811375617981,0.08788520842790604,
931,,0.45933282375335693,0.07574890553951263,
932,,-0.009225807152688503,0.086903877556324,
933,,-0.1356058269739151,0.1038164496421814,
934,,-0.9580424427986145,0.1171749159693718,
935,,0.4535669684410095,0.0645386204123497,
936,,0.8665876388549805,0.10319202393293381,
937,,-0.40473273396492004,0.10759484022855759,
938,,0.5372278094291687,0.09964072704315186,
939,,0.06365785002708435,0.11312009394168854,
940,,-0.11657031625509262,0.07204082608222961,
941,,0.3269405961036682,0.1374024599790573,
942,,-0.19533279538154602,0.08406274020671844,
943,,0.5005709528923035,0.08931000530719757,
944,,0.32931724190711975,0.09940757602453232,
945,,-0.45588669180870056,0.10160412639379501,
946,,-0.31080305576324463,0.12782739102840424,
947,,-0.26830384135246277,0.05414164811372757,
948,,-0.013933302834630013,0.06343255937099457,
949,,0.33769920468330383,0.07471517473459244,
950,,0.6087660789489746,0.07184392958879471,
951,,0.6459776759147644,0.08662360906600952,
952,,0.11668115109205246,0.12985239923000336,
953,,-0.5038410425186157,0.10371284186840057,
954,,0.3335114121437073,0.08881305158138275,
955,,-0.8962157964706421,0.11613118648529053,
956,,-0.5548032522201538,0.10024868696928024,
957,,0.06481410562992096,0.1004895344376564,
958,,1.17549729347229,0.1730251908302307,
959,,-0.8997048735618591,0.11913052201271057,
960,,0.893162190914154,0.13374631106853485,
961,,0.7732642889022827,0.15480491518974304,
962,,0.018890995532274246,0.06847015023231506,
963,,-0.8207458257675171,0.09321260452270508,
964,,-0.6035653352737427,0.09464563429355621,
965,,-0.6906073093414307,0.07145337760448456,
966,,0.30077245831489563,0.083247110247612,
967,,1.1506839990615845,0.1393755078315735,
968,,1.1426838636398315,0.16358813643455505,
969,,0.48957571387290955,0.10447099804878235,
970,,-0.3681240677833557,0.10089331120252609,
971,,0.10244712233543396,0.0691654309630394,
972,,-1.0228877067565918,0.10037408769130707,
973,,-0.8045924305915833,0.10628513246774673,
974,,-0.06741445511579514,0.104438416659832,
975,,-0.004392876755446196,0.08126239478588104,
976,,0.16626037657260895,0.06979873776435852,
977,,-0.4330809712409973,0.09805401414632797,
978,,0.20112082362174988,0.11925608664751053,
979,,-0.4723985195159912,0.1003267914056778,
980,,0.7324742674827576,0.10297891497612,
981,,0.5637009143829346,0.11343763768672943,
982,,0.4628745913505554,0.08760138601064682,
983,,-1.0604538917541504,0.16331817209720612,
984,,-0.4439125657081604,0.10190688818693161,
985,,-1.2701833248138428,0.17541827261447906,
986,,0.7448669075965881,0.11530978977680206,
987,,0.20896567404270172,0.10003730654716492,
988,,-0.04146413877606392,0.09358672052621841,
989,,0.05449064075946808,0.11352317780256271,
990,,0.2799050211906433,0.06766396760940552,
991,,-0.4841715097427368,0.09916353225708008,
992,,-0.04444749653339386,0.09099958091974258,
993,,-0.33409833908081055,0.10747320204973221,
994,,-0.22494663298130035,0.057334866374731064,
995,,0.7926415801048279,0.09542550146579742,
996,,1.2954479455947876,0.15417009592056274,
997,,1.4979958534240723,0.17321425676345825,
998,,1.4435715675354004,0.16751085221767426,
999,,0.14531904458999634,0.06926225870847702,
